order_id,order_date,processing_start_date,shipped_date,delivered_date,promised_date,status,region,team,employee,units,revenue,cost
10001,2025-11-24,2025-11-26,2025-11-28,2025-12-02,2025-12-02,delivered,North,Beta,Liam Taylor,7,399.7,231.09
10002,2025-11-05,2025-11-07,2025-11-10,2025-11-12,2025-11-12,delivered,North,Alpha,Olivia Brown,1,173.06,104.81
10003,2025-05-23,2025-05-26,2025-05-30,2025-06-01,2025-05-29,delivered,North,Beta,Liam Taylor,12,1497.01,1123.62
10004,2025-02-10,2025-02-13,2025-02-16,2025-02-20,2025-02-15,delivered,East,Zeta,Elijah Mitchell,4,793.64,502.65
10005,2025-07-06,2025-07-07,2025-07-08,2025-07-13,2025-07-14,delivered,North,Beta,Liam Taylor,9,1516.29,932.31
10006,2025-11-24,2025-11-26,2025-11-29,2025-12-03,2025-11-30,delivered,East,Epsilon,Charlotte Baker,7,673.47,495.49
10007,2025-06-11,2025-06-12,2025-06-14,2025-06-19,2025-06-20,delivered,North,Beta,Ava Wilson,9,921.53,686.04
10008,2025-07-24,2025-07-26,2025-07-27,2025-07-31,2025-08-01,delivered,South,Gamma,Isabella Young,11,1291.79,794.97
10009,2025-08-28,2025-08-29,2025-08-30,2025-09-02,2025-09-06,delivered,East,Epsilon,Charlotte Baker,2,198.59,99.46
10010,2025-05-15,2025-05-17,2025-05-19,2025-05-22,2025-05-21,delivered,West,Eta,Abigail Turner,3,336.33,255.06
10011,2025-09-29,2025-10-03,,,2025-10-04,cancelled,West,Theta,Emily Campbell,4,887.37,507.06
10012,2025-09-06,2025-09-07,2025-09-10,2025-09-13,2025-09-12,delivered,West,Eta,Evelyn Perez,4,894.31,619.28
10013,2025-06-09,2025-06-11,2025-06-13,2025-06-16,2025-06-17,delivered,South,Delta,Mia Wright,9,813.16,461.67
10014,2025-11-20,2025-11-22,2025-11-26,2025-11-30,2025-11-28,delivered,North,Alpha,Emma Lee,3,574.14,369.78
10015,2025-05-05,2025-05-07,2025-05-10,2025-05-13,2025-05-10,delivered,West,Theta,Daniel Phillips,1,185.54,106.61
10016,2025-07-26,2025-07-29,2025-07-31,2025-08-03,2025-08-03,delivered,East,Epsilon,Amelia Green,2,280.23,178.67
10017,2025-01-26,2025-01-29,2025-02-01,2025-02-04,2025-02-02,delivered,East,Epsilon,Amelia Green,7,1372.06,686.77
10018,2025-07-19,2025-07-21,2025-07-27,2025-07-30,2025-07-24,delivered,North,Beta,Ava Wilson,3,251.58,134.5
10019,2025-10-05,2025-10-06,2025-10-07,2025-10-11,2025-10-12,delivered,North,Beta,Liam Taylor,9,592.67,396.35
10020,2025-12-12,2025-12-15,2025-12-18,2025-12-21,2025-12-21,delivered,West,Theta,Daniel Phillips,11,1713.18,1342.58
10021,2025-04-15,2025-04-17,2025-04-21,2025-04-25,2025-04-20,delivered,East,Zeta,Henry Nelson,2,118.5,78.3
10022,2025-02-21,2025-02-23,2025-02-27,2025-03-02,2025-03-01,delivered,North,Alpha,Olivia Brown,3,394.58,227.13
10023,2025-12-01,2025-12-03,2025-12-07,2025-12-10,2025-12-11,delivered,East,Zeta,Elijah Mitchell,3,313.28,219.11
10024,2025-04-15,2025-04-16,2025-04-20,2025-04-22,2025-04-24,delivered,East,Zeta,Elijah Mitchell,5,309.31,170.96
10025,2025-05-15,2025-05-17,2025-05-19,2025-05-22,2025-05-25,delivered,North,Beta,Mason Hall,3,473.6,315.24
10026,2025-03-17,2025-03-18,2025-03-23,2025-03-25,2025-03-26,delivered,South,Gamma,James Lewis,11,1004.51,718.25
10027,2025-07-28,2025-07-30,2025-08-04,2025-08-07,2025-08-05,delivered,West,Eta,Evelyn Perez,12,2686.37,1673.42
10028,2025-12-09,2025-12-11,2025-12-14,2025-12-17,2025-12-19,delivered,West,Eta,Alexander Roberts,4,772.2,460.46
10029,2025-04-27,2025-04-29,2025-05-03,2025-05-05,2025-05-04,delivered,North,Alpha,Noah Smith,7,1275.48,743.33
10030,2025-01-15,2025-01-18,2025-01-21,2025-01-25,2025-01-21,delivered,North,Beta,Liam Taylor,6,851.19,467.23
10031,2025-10-23,2025-10-24,2025-10-25,2025-10-28,2025-10-29,delivered,North,Alpha,Olivia Brown,12,1986.26,1027.88
10032,2025-12-07,2025-12-08,2025-12-12,2025-12-15,2025-12-15,delivered,West,Theta,Michael Parker,7,1232.34,736.89
10033,2025-12-07,2025-12-11,2025-12-13,2025-12-18,2025-12-15,delivered,West,Eta,Abigail Turner,10,1537.39,969.24
10034,2025-12-12,2025-12-15,2025-12-20,2025-12-24,2025-12-20,delivered,North,Beta,Mason Hall,4,645.9,368.02
10035,2025-01-13,2025-01-14,2025-01-18,2025-01-22,2025-01-20,delivered,North,Beta,Mason Hall,12,1428.71,795.64
10036,2025-12-19,2025-12-21,2025-12-25,2025-12-27,2025-12-26,delivered,North,Alpha,Noah Smith,2,282.07,188.11
10037,2025-10-14,2025-10-16,2025-10-20,2025-10-23,2025-10-23,delivered,East,Zeta,Elijah Mitchell,3,543.87,318.05
10038,2025-05-07,2025-05-09,2025-05-12,2025-05-17,2025-05-14,delivered,West,Theta,Michael Parker,6,667.61,390.28
10039,2025-04-29,2025-04-30,2025-05-02,2025-05-06,2025-05-06,delivered,South,Gamma,Isabella Young,7,898.51,679.74
10040,2025-01-11,2025-01-13,,,2025-01-19,cancelled,West,Theta,Emily Campbell,9,1659.26,1162.83
10041,2025-04-23,2025-04-24,2025-04-28,2025-05-02,2025-04-28,delivered,South,Delta,Mia Wright,8,1846.19,1261.93
10042,2025-07-21,2025-07-23,2025-07-26,2025-07-30,2025-07-29,delivered,East,Epsilon,Amelia Green,4,517.05,372.23
10043,2025-05-23,2025-05-24,2025-05-27,2025-06-02,2025-06-01,delivered,West,Theta,Emily Campbell,4,700.01,499.06
10044,2025-01-16,2025-01-18,2025-01-22,2025-01-27,2025-01-26,delivered,West,Eta,Evelyn Perez,8,1466.51,824.1
10045,2025-11-07,2025-11-10,2025-11-14,2025-11-17,2025-11-17,delivered,West,Eta,Evelyn Perez,7,898.66,484.38
10046,2025-12-20,2025-12-22,2025-12-27,2025-12-31,2025-12-26,delivered,West,Eta,Evelyn Perez,10,1833.93,1150.05
10047,2025-07-09,2025-07-11,2025-07-13,2025-07-18,2025-07-16,delivered,North,Beta,Liam Taylor,8,1391.15,978.6
10048,2025-11-30,2025-12-03,2025-12-06,2025-12-10,2025-12-06,delivered,South,Delta,Mia Wright,2,205.21,151.37
10049,2025-10-19,2025-10-21,,,2025-10-26,cancelled,East,Zeta,Harper Carter,5,1064.57,627.1
10050,2025-01-06,2025-01-09,2025-01-10,2025-01-14,2025-01-14,delivered,East,Epsilon,Amelia Green,12,1763.44,922.74
10051,2025-04-24,2025-04-27,2025-04-29,2025-05-03,2025-04-29,delivered,South,Gamma,James Lewis,9,1048.89,616.46
10052,2025-05-09,2025-05-13,2025-05-14,2025-05-17,2025-05-17,delivered,North,Alpha,Noah Smith,8,838.81,578.82
10053,2025-11-02,2025-11-05,2025-11-08,2025-11-12,2025-11-10,delivered,South,Gamma,Sophia Clark,1,223.34,155.08
10054,2025-03-06,2025-03-07,2025-03-08,2025-03-11,2025-03-13,delivered,East,Zeta,Henry Nelson,1,105.72,57.99
10055,2025-02-03,2025-02-05,2025-02-08,2025-02-11,2025-02-09,delivered,South,Gamma,Isabella Young,4,320.61,215.32
10056,2025-11-13,2025-11-15,2025-11-18,2025-11-23,2025-11-20,delivered,North,Beta,Ava Wilson,1,166.58,126.08
10057,2025-04-17,2025-04-19,2025-04-22,2025-04-26,2025-04-25,delivered,East,Zeta,Elijah Mitchell,12,1808.83,1045.27
10058,2025-12-28,2026-01-01,2026-01-07,2026-01-09,2026-01-04,delivered,South,Delta,Lucas King,4,517.34,368.3
10059,2025-05-17,2025-05-18,2025-05-20,2025-05-25,2025-05-23,delivered,West,Eta,Evelyn Perez,2,261.44,162.26
10060,2025-05-20,2025-05-21,2025-05-25,2025-05-28,2025-05-27,delivered,East,Zeta,Harper Carter,2,196.33,144.33
10061,2025-10-28,2025-10-31,,,2025-11-05,cancelled,West,Theta,Michael Parker,5,442.23,313.41
10062,2025-09-09,2025-09-11,2025-09-15,2025-09-19,2025-09-18,delivered,West,Theta,Emily Campbell,8,910.36,685.86
10063,2025-10-09,2025-10-12,2025-10-16,2025-10-21,2025-10-15,delivered,North,Alpha,Noah Smith,1,168.93,101.92
10064,2025-04-07,2025-04-10,2025-04-13,2025-04-17,2025-04-15,delivered,East,Zeta,Elijah Mitchell,12,1515.23,1026.58
10065,2025-05-03,2025-05-04,,,2025-05-08,cancelled,East,Zeta,Elijah Mitchell,11,2167.57,1515.46
10066,2025-09-18,2025-09-19,2025-09-22,2025-09-26,2025-09-23,delivered,East,Zeta,Harper Carter,9,1532.6,823.7
10067,2025-08-01,2025-08-05,2025-08-08,2025-08-12,2025-08-10,delivered,South,Delta,Lucas King,3,394.54,249.79
10068,2025-10-06,2025-10-08,2025-10-11,2025-10-15,2025-10-14,delivered,South,Delta,Lucas King,6,1135.56,854.91
10069,2025-07-17,2025-07-18,2025-07-23,2025-07-28,2025-07-24,delivered,West,Eta,Alexander Roberts,8,630.49,330.27
10070,2025-03-15,2025-03-17,2025-03-21,2025-03-24,2025-03-22,delivered,South,Gamma,Sophia Clark,6,1283.31,789.24
10071,2025-06-12,2025-06-12,,,2025-06-19,cancelled,East,Zeta,Elijah Mitchell,4,721.74,393.07
10072,2025-11-21,2025-11-23,2025-11-26,2025-11-29,2025-11-30,delivered,East,Epsilon,Benjamin Adams,6,671.41,424.86
10073,2025-10-17,2025-10-18,2025-10-20,2025-10-23,2025-10-23,delivered,East,Epsilon,Amelia Green,10,799.99,450.79
10074,2025-05-11,2025-05-13,2025-05-17,2025-05-19,2025-05-20,delivered,East,Zeta,Harper Carter,11,2494.87,1582.27
10075,2025-06-04,2025-06-05,2025-06-08,2025-06-11,2025-06-14,delivered,North,Beta,Ava Wilson,1,228.27,134.36
10076,2025-10-17,2025-10-20,2025-10-21,2025-10-25,2025-10-24,delivered,West,Eta,Abigail Turner,6,528.29,307.81
10077,2025-12-04,2025-12-06,2025-12-09,2025-12-12,2025-12-12,delivered,East,Epsilon,Charlotte Baker,6,999.25,573.35
10078,2025-08-01,2025-08-02,2025-08-05,2025-08-09,2025-08-09,delivered,North,Alpha,Olivia Brown,8,1693.04,1214.92
10079,2025-02-28,2025-03-02,2025-03-06,2025-03-09,2025-03-06,delivered,South,Gamma,Sophia Clark,9,1121.47,587.07
10080,2025-10-02,2025-10-04,2025-10-08,2025-10-11,2025-10-08,delivered,North,Beta,Mason Hall,11,962.22,713.06
10081,2025-10-15,2025-10-18,2025-10-19,2025-10-22,2025-10-24,delivered,South,Gamma,Isabella Young,3,175.65,135.07
10082,2025-03-01,2025-03-02,2025-03-03,2025-03-08,2025-03-08,delivered,North,Alpha,Noah Smith,12,2304.82,1529.78
10083,2025-09-08,2025-09-10,2025-09-14,2025-09-17,2025-09-17,delivered,East,Zeta,Henry Nelson,11,1400.57,954.08
10084,2025-02-01,2025-02-03,2025-02-05,2025-02-09,2025-02-10,delivered,South,Gamma,Sophia Clark,1,62.93,48.28
10085,2025-10-17,2025-10-19,2025-10-21,2025-10-26,2025-10-27,delivered,North,Alpha,Olivia Brown,1,112.53,84.05
10086,2025-10-04,2025-10-06,2025-10-08,2025-10-12,2025-10-11,delivered,North,Alpha,Emma Lee,6,338.86,180.17
10087,2025-08-04,2025-08-05,2025-08-08,2025-08-11,2025-08-12,delivered,East,Epsilon,Benjamin Adams,10,670.54,480.61
10088,2025-09-24,2025-09-26,2025-09-28,2025-10-02,2025-10-03,delivered,South,Gamma,Sophia Clark,8,507.66,341.19
10089,2025-02-03,2025-02-04,2025-02-06,2025-02-09,2025-02-10,delivered,North,Beta,Ava Wilson,12,934.76,691.19
10090,2025-10-10,2025-10-12,2025-10-15,2025-10-17,2025-10-18,delivered,East,Epsilon,Benjamin Adams,2,210.88,118.88
10091,2025-03-20,2025-03-23,2025-03-26,2025-03-29,2025-03-26,delivered,East,Zeta,Henry Nelson,3,458.65,302.89
10092,2025-06-18,2025-06-21,2025-06-23,2025-06-26,2025-06-25,delivered,East,Zeta,Harper Carter,5,767.88,510.24
10093,2025-04-19,2025-04-20,2025-04-24,2025-04-28,2025-04-27,delivered,North,Beta,Liam Taylor,4,820.95,626.91
10094,2025-11-15,2025-11-18,2025-11-20,2025-11-24,2025-11-25,delivered,East,Epsilon,Charlotte Baker,5,1031.85,562.72
10095,2025-03-15,2025-03-17,2025-03-19,2025-03-22,2025-03-22,delivered,East,Zeta,Henry Nelson,7,872.52,521.69
10096,2025-06-16,2025-06-18,2025-06-20,2025-06-25,2025-06-24,delivered,West,Eta,Evelyn Perez,7,959.17,564.27
10097,2025-09-20,2025-09-21,2025-09-22,2025-09-25,2025-09-27,delivered,North,Beta,Liam Taylor,7,1431.33,817.44
10098,2025-04-19,2025-04-23,2025-04-26,2025-04-30,2025-04-28,delivered,West,Theta,Emily Campbell,12,1155.96,828.84
10099,2025-07-01,2025-07-04,,,2025-07-09,cancelled,North,Alpha,Noah Smith,5,345.58,200.85
10100,2025-11-13,2025-11-16,2025-11-21,2025-11-25,2025-11-21,delivered,South,Delta,Lucas King,5,865.45,644.57
10101,2025-02-09,2025-02-11,2025-02-14,2025-02-17,2025-02-16,delivered,East,Epsilon,Charlotte Baker,3,270.06,148.35
10102,2025-11-05,2025-11-06,2025-11-08,2025-11-11,2025-11-12,delivered,North,Alpha,Emma Lee,11,2367.36,1559.67
10103,2025-11-16,2025-11-19,2025-11-21,2025-11-24,2025-11-25,delivered,South,Delta,Lucas King,6,823.09,545.69
10104,2025-01-30,2025-01-31,2025-02-04,2025-02-07,2025-02-05,delivered,South,Delta,Lucas King,10,1582.44,1224.76
10105,2025-08-19,2025-08-20,2025-08-21,2025-08-25,2025-08-24,delivered,West,Eta,Alexander Roberts,6,1232.25,839.82
10106,2025-01-21,2025-01-23,2025-01-25,2025-01-28,2025-01-30,delivered,North,Beta,Ava Wilson,6,941.93,638.37
10107,2025-06-21,2025-06-22,2025-06-24,2025-06-29,2025-06-27,delivered,North,Alpha,Olivia Brown,3,343.45,183.87
10108,2025-06-29,2025-06-30,2025-07-04,2025-07-07,2025-07-05,delivered,South,Delta,Lucas King,3,540.17,396.86
10109,2025-12-17,2025-12-21,2025-12-24,2025-12-28,2025-12-24,delivered,West,Eta,Abigail Turner,6,1296.59,747.66
10110,2025-03-12,2025-03-16,2025-03-17,2025-03-20,2025-03-17,delivered,North,Beta,Liam Taylor,10,767.44,430.2
10111,2025-12-21,2025-12-23,2025-12-25,2025-12-29,2025-12-30,delivered,West,Eta,Abigail Turner,5,966.42,559.07
10112,2025-05-03,2025-05-06,2025-05-12,2025-05-14,2025-05-09,delivered,South,Delta,Lucas King,7,975.08,575.8
10113,2025-04-13,2025-04-15,2025-04-17,2025-04-21,2025-04-23,delivered,West,Eta,Alexander Roberts,9,1731.12,1230.44
10114,2025-05-20,2025-05-21,2025-05-25,2025-05-27,2025-05-30,delivered,South,Gamma,James Lewis,7,457.84,265.06
10115,2025-02-11,2025-02-11,2025-02-14,2025-02-16,2025-02-19,delivered,South,Gamma,James Lewis,5,1052.25,765.8
10116,2025-12-28,2025-12-30,,,2026-01-06,cancelled,South,Gamma,Sophia Clark,9,1210.58,701.42
10117,2025-03-04,2025-03-05,2025-03-08,2025-03-13,2025-03-10,delivered,North,Beta,Mason Hall,1,165.53,115.81
10118,2025-05-30,2025-06-02,2025-06-07,2025-06-09,2025-06-06,delivered,South,Delta,Lucas King,9,1406.44,952.03
10119,2025-01-11,2025-01-14,2025-01-17,2025-01-22,2025-01-19,delivered,South,Delta,Lucas King,6,599.91,345.5
10120,2025-10-25,2025-10-25,2025-10-27,2025-10-31,2025-11-04,delivered,East,Zeta,Henry Nelson,8,1770.97,1001.61
10121,2025-03-11,2025-03-13,2025-03-16,2025-03-22,2025-03-19,delivered,North,Beta,Liam Taylor,9,1178.62,752.37
10122,2025-01-19,2025-01-21,2025-01-22,2025-01-25,2025-01-27,delivered,West,Eta,Alexander Roberts,6,767.16,483.26
10123,2025-07-17,2025-07-18,2025-07-22,2025-07-25,2025-07-25,delivered,South,Gamma,James Lewis,7,497.33,360.86
10124,2025-10-07,2025-10-08,2025-10-12,2025-10-15,2025-10-14,delivered,South,Gamma,Sophia Clark,8,848.03,625.43
10125,2025-06-30,2025-07-02,2025-07-04,2025-07-07,2025-07-06,delivered,East,Zeta,Harper Carter,9,1784.17,1352.75
10126,2025-03-15,2025-03-18,2025-03-23,2025-03-25,2025-03-25,delivered,West,Theta,Daniel Phillips,1,163.98,129.09
10127,2025-07-10,2025-07-11,2025-07-14,2025-07-17,2025-07-21,delivered,South,Gamma,Isabella Young,1,180.76,111.48
10128,2025-10-15,2025-10-18,2025-10-21,2025-10-26,2025-10-22,delivered,North,Beta,Mason Hall,2,146.13,82.3
10129,2025-08-16,2025-08-20,2025-08-24,2025-08-29,2025-08-22,delivered,West,Theta,Michael Parker,12,2195.11,1302.85
10130,2025-07-05,2025-07-07,2025-07-11,2025-07-13,2025-07-14,delivered,East,Epsilon,Amelia Green,8,1553.08,1014.14
10131,2025-02-14,2025-02-14,2025-02-16,2025-02-20,2025-02-21,delivered,North,Beta,Mason Hall,6,980.88,676.83
10132,2025-06-26,2025-06-28,2025-06-30,2025-07-04,2025-07-04,delivered,North,Alpha,Emma Lee,3,271.55,151.08
10133,2025-09-23,2025-09-26,2025-09-28,2025-10-01,2025-09-29,delivered,West,Eta,Alexander Roberts,2,265.38,200.47
10134,2025-03-20,2025-03-22,2025-03-24,2025-03-29,2025-03-27,delivered,North,Beta,Mason Hall,5,873.68,545.3
10135,2025-11-24,2025-11-25,2025-11-29,2025-12-02,2025-12-01,delivered,North,Beta,Mason Hall,2,323.76,202.0
10136,2025-08-26,2025-08-26,2025-08-31,2025-09-03,2025-09-04,delivered,North,Alpha,Noah Smith,6,797.99,447.22
10137,2025-03-04,2025-03-05,2025-03-08,2025-03-11,2025-03-11,delivered,North,Alpha,Emma Lee,3,628.65,427.66
10138,2025-04-08,2025-04-11,2025-04-13,2025-04-17,2025-04-16,delivered,West,Theta,Michael Parker,8,1666.05,1063.31
10139,2025-01-26,2025-01-29,2025-01-31,2025-02-04,2025-02-01,delivered,South,Delta,Mia Wright,7,812.59,562.78
10140,2025-04-10,2025-04-11,2025-04-15,2025-04-19,2025-04-16,delivered,South,Delta,Lucas King,10,832.03,539.55
10141,2025-06-23,2025-06-24,2025-06-27,2025-07-01,2025-07-01,delivered,East,Zeta,Henry Nelson,6,1158.21,645.4
10142,2025-09-21,2025-09-21,2025-09-22,2025-09-25,2025-09-28,delivered,North,Beta,Liam Taylor,9,1368.65,814.28
10143,2025-01-09,2025-01-11,2025-01-12,2025-01-15,2025-01-16,delivered,South,Gamma,James Lewis,8,833.63,636.07
10144,2025-10-24,2025-10-24,2025-10-26,2025-10-29,2025-10-30,delivered,East,Epsilon,Charlotte Baker,11,1085.1,732.58
10145,2025-04-08,2025-04-09,2025-04-11,2025-04-15,2025-04-13,delivered,North,Beta,Ava Wilson,12,2234.88,1451.94
10146,2025-10-15,2025-10-18,2025-10-21,2025-10-23,2025-10-22,delivered,South,Delta,Ethan Scott,11,2140.53,1521.55
10147,2025-12-21,2025-12-23,2025-12-27,2026-01-02,2025-12-28,delivered,North,Beta,Liam Taylor,5,908.92,583.75
10148,2025-09-03,2025-09-05,2025-09-07,2025-09-12,2025-09-10,delivered,South,Delta,Mia Wright,3,304.03,221.5
10149,2025-06-27,2025-06-30,2025-07-04,2025-07-09,2025-07-04,delivered,West,Theta,Michael Parker,3,234.57,143.05
10150,2025-01-26,2025-01-28,2025-01-31,2025-02-02,2025-02-03,delivered,East,Epsilon,Charlotte Baker,3,173.36,126.95
10151,2025-07-28,2025-07-30,2025-08-01,2025-08-04,2025-08-05,delivered,East,Zeta,Harper Carter,2,316.84,223.27
10152,2025-01-20,2025-01-23,2025-01-28,2025-02-02,2025-01-27,delivered,West,Eta,Alexander Roberts,8,735.53,542.87
10153,2025-05-29,2025-06-02,2025-06-07,2025-06-10,2025-06-10,delivered,West,Eta,Alexander Roberts,9,1399.65,774.78
10154,2025-09-16,2025-09-18,2025-09-19,2025-09-22,2025-09-23,delivered,South,Gamma,Sophia Clark,6,1155.01,819.27
10155,2025-03-31,2025-04-03,2025-04-06,2025-04-09,2025-04-08,delivered,East,Zeta,Harper Carter,6,1170.14,720.68
10156,2025-08-17,2025-08-19,2025-08-22,2025-08-25,2025-08-25,delivered,West,Theta,Emily Campbell,11,809.98,527.58
10157,2025-09-15,2025-09-18,2025-09-21,2025-09-24,2025-09-22,delivered,West,Theta,Michael Parker,3,408.31,325.51
10158,2025-07-11,2025-07-14,2025-07-15,2025-07-18,2025-07-17,delivered,South,Delta,Ethan Scott,2,292.02,187.02
10159,2025-10-16,2025-10-19,2025-10-23,2025-10-25,2025-10-24,delivered,North,Alpha,Olivia Brown,12,1718.96,1078.81
10160,2025-01-29,2025-01-30,2025-02-02,2025-02-05,2025-02-06,delivered,South,Delta,Mia Wright,5,1016.59,706.1
10161,2025-01-24,2025-01-26,2025-01-28,2025-01-31,2025-01-31,delivered,South,Gamma,Isabella Young,7,566.63,385.52
10162,2025-11-27,2025-12-01,2025-12-04,2025-12-10,2025-12-07,delivered,West,Theta,Emily Campbell,9,757.21,438.92
10163,2025-10-03,2025-10-06,2025-10-07,2025-10-11,2025-10-10,delivered,South,Gamma,Isabella Young,12,1792.0,1300.71
10164,2025-05-07,2025-05-10,2025-05-11,2025-05-16,2025-05-15,delivered,South,Gamma,James Lewis,10,1991.6,1043.42
10165,2025-04-16,2025-04-18,2025-04-20,2025-04-24,2025-04-22,delivered,North,Alpha,Noah Smith,4,618.5,429.25
10166,2025-03-13,2025-03-15,2025-03-17,2025-03-19,2025-03-19,delivered,East,Zeta,Henry Nelson,6,619.01,474.42
10167,2025-09-24,2025-09-28,2025-09-30,2025-10-05,2025-09-30,delivered,North,Beta,Ava Wilson,7,964.27,584.45
10168,2025-11-26,2025-11-29,2025-12-03,2025-12-06,2025-12-03,delivered,East,Zeta,Elijah Mitchell,4,445.45,321.37
10169,2025-01-30,2025-01-31,2025-02-03,2025-02-06,2025-02-07,delivered,East,Zeta,Elijah Mitchell,8,1476.52,1035.26
10170,2025-04-08,2025-04-10,2025-04-13,2025-04-17,2025-04-14,delivered,North,Beta,Mason Hall,11,1653.46,1219.21
10171,2025-06-20,2025-06-22,2025-06-24,2025-06-28,2025-06-27,delivered,South,Gamma,Sophia Clark,4,722.38,447.27
10172,2025-05-03,2025-05-04,2025-05-06,2025-05-08,2025-05-13,delivered,East,Zeta,Harper Carter,8,636.56,405.73
10173,2025-06-13,2025-06-15,2025-06-18,2025-06-22,2025-06-21,delivered,West,Theta,Emily Campbell,10,1519.65,893.71
10174,2025-06-18,2025-06-20,2025-06-22,2025-06-26,2025-06-24,delivered,North,Alpha,Noah Smith,12,1975.37,1070.77
10175,2025-06-30,2025-06-30,2025-07-02,2025-07-06,2025-07-08,delivered,North,Beta,Liam Taylor,2,445.94,317.1
10176,2025-07-31,2025-08-03,2025-08-05,2025-08-08,2025-08-09,delivered,North,Alpha,Emma Lee,11,2537.91,1687.26
10177,2025-01-09,2025-01-11,,,2025-01-17,cancelled,North,Beta,Liam Taylor,3,206.7,115.18
10178,2025-04-09,2025-04-12,2025-04-14,2025-04-18,2025-04-15,delivered,East,Zeta,Harper Carter,12,1173.59,859.03
10179,2025-12-01,2025-12-04,2025-12-07,2025-12-11,2025-12-08,delivered,West,Eta,Evelyn Perez,2,278.37,199.34
10180,2025-10-17,2025-10-18,2025-10-21,2025-10-27,2025-10-24,delivered,West,Eta,Abigail Turner,5,295.9,222.34
10181,2025-10-06,2025-10-06,2025-10-07,2025-10-13,2025-10-12,delivered,East,Epsilon,Amelia Green,12,2528.75,1453.57
10182,2025-10-16,2025-10-17,2025-10-19,2025-10-24,2025-10-26,delivered,North,Beta,Mason Hall,12,873.69,529.86
10183,2025-02-20,2025-02-24,2025-02-25,2025-02-27,2025-03-01,delivered,South,Gamma,James Lewis,11,1231.67,791.53
10184,2025-07-02,2025-07-04,2025-07-06,2025-07-09,2025-07-10,delivered,East,Zeta,Harper Carter,4,653.07,364.78
10185,2025-12-31,2026-01-02,2026-01-05,2026-01-09,2026-01-10,delivered,West,Eta,Abigail Turner,5,340.15,213.53
10186,2025-10-13,2025-10-14,,,2025-10-22,cancelled,East,Zeta,Henry Nelson,6,1104.9,688.85
10187,2025-02-13,2025-02-14,2025-02-16,2025-02-19,2025-02-22,delivered,East,Epsilon,Charlotte Baker,3,198.79,120.32
10188,2025-09-05,2025-09-07,2025-09-09,2025-09-12,2025-09-11,delivered,West,Theta,Emily Campbell,3,350.63,221.97
10189,2025-11-14,2025-11-18,2025-11-20,2025-11-24,2025-11-22,delivered,South,Delta,Mia Wright,6,984.76,659.55
10190,2025-04-01,2025-04-02,2025-04-03,2025-04-07,2025-04-07,delivered,West,Theta,Emily Campbell,5,953.03,551.3
10191,2025-10-16,2025-10-19,2025-10-22,2025-10-26,2025-10-23,delivered,North,Alpha,Olivia Brown,5,906.18,645.15
10192,2025-07-29,2025-07-31,2025-08-03,2025-08-05,2025-08-06,delivered,East,Epsilon,Charlotte Baker,8,1784.52,1071.07
10193,2025-09-17,2025-09-21,,,2025-09-22,cancelled,West,Theta,Michael Parker,2,383.74,245.11
10194,2025-11-28,2025-11-29,2025-12-02,2025-12-05,2025-12-06,delivered,East,Zeta,Harper Carter,9,1403.91,807.61
10195,2025-07-11,2025-07-14,2025-07-16,2025-07-19,2025-07-19,delivered,South,Gamma,James Lewis,12,930.41,589.72
10196,2025-04-16,2025-04-18,2025-04-20,2025-04-22,2025-04-24,delivered,East,Zeta,Harper Carter,12,968.97,660.83
10197,2025-12-13,2025-12-16,2025-12-20,2025-12-25,2025-12-22,delivered,West,Eta,Abigail Turner,7,1073.9,734.9
10198,2025-07-22,2025-07-23,2025-07-24,2025-07-29,2025-07-30,delivered,North,Alpha,Noah Smith,2,325.14,206.21
10199,2025-07-07,2025-07-11,2025-07-15,2025-07-17,2025-07-13,delivered,South,Delta,Lucas King,10,1139.85,727.22
10200,2025-08-23,2025-08-24,2025-08-26,2025-08-28,2025-08-31,delivered,East,Zeta,Elijah Mitchell,6,1044.01,652.05
10201,2025-03-12,2025-03-14,2025-03-15,2025-03-18,2025-03-20,delivered,East,Zeta,Henry Nelson,3,389.72,233.3
10202,2025-08-19,2025-08-21,2025-08-24,2025-08-28,2025-08-25,delivered,East,Zeta,Henry Nelson,7,1186.37,866.02
10203,2025-09-08,2025-09-09,2025-09-11,2025-09-16,2025-09-16,delivered,North,Alpha,Emma Lee,12,2242.44,1407.58
10204,2025-10-21,2025-10-24,2025-10-28,2025-11-01,2025-10-26,delivered,North,Beta,Mason Hall,2,372.0,216.46
10205,2025-01-17,2025-01-19,2025-01-24,2025-01-27,2025-01-25,delivered,South,Delta,Lucas King,10,1844.98,1296.22
10206,2025-08-08,2025-08-11,2025-08-14,2025-08-16,2025-08-14,delivered,North,Alpha,Emma Lee,3,345.95,198.0
10207,2025-05-17,2025-05-19,2025-05-22,2025-05-23,2025-05-27,delivered,West,Eta,Evelyn Perez,3,489.27,272.31
10208,2025-06-14,2025-06-16,2025-06-18,2025-06-21,2025-06-21,delivered,West,Theta,Emily Campbell,2,260.54,188.55
10209,2025-07-08,2025-07-11,2025-07-16,2025-07-18,2025-07-19,delivered,South,Delta,Mia Wright,11,1806.91,1022.41
10210,2025-10-01,2025-10-05,2025-10-08,2025-10-12,2025-10-08,delivered,South,Delta,Lucas King,8,1628.45,1205.97
10211,2025-01-24,2025-01-26,2025-01-29,2025-02-01,2025-02-04,delivered,North,Beta,Liam Taylor,4,967.32,716.34
10212,2025-06-04,2025-06-06,2025-06-09,2025-06-14,2025-06-12,delivered,North,Beta,Liam Taylor,7,1182.82,838.39
10213,2025-08-08,2025-08-09,2025-08-13,2025-08-17,2025-08-14,delivered,East,Epsilon,Amelia Green,1,184.25,137.64
10214,2025-08-05,2025-08-07,2025-08-11,2025-08-15,2025-08-14,delivered,East,Zeta,Henry Nelson,5,418.0,296.06
10215,2025-03-10,2025-03-12,2025-03-16,2025-03-19,2025-03-15,delivered,East,Epsilon,Amelia Green,11,2168.8,1418.44
10216,2025-08-15,2025-08-17,2025-08-21,2025-08-26,2025-08-22,delivered,West,Eta,Evelyn Perez,3,302.75,176.21
10217,2025-11-04,2025-11-07,,,2025-11-10,cancelled,East,Zeta,Elijah Mitchell,9,1348.59,833.34
10218,2025-11-27,2025-11-29,2025-12-04,2025-12-09,2025-12-07,delivered,North,Alpha,Noah Smith,1,241.24,128.58
10219,2025-10-19,2025-10-21,2025-10-23,2025-10-27,2025-10-27,delivered,South,Gamma,James Lewis,1,230.07,142.53
10220,2025-05-27,2025-05-30,2025-06-02,2025-06-05,2025-06-03,delivered,East,Zeta,Harper Carter,5,375.9,287.03
10221,2025-03-21,2025-03-24,2025-03-25,2025-03-30,2025-03-29,delivered,East,Zeta,Elijah Mitchell,12,2484.96,1444.06
10222,2025-08-11,2025-08-12,2025-08-14,2025-08-18,2025-08-19,delivered,North,Alpha,Noah Smith,1,91.14,57.49
10223,2025-05-13,2025-05-14,2025-05-19,2025-05-23,2025-05-20,delivered,North,Alpha,Olivia Brown,7,658.68,446.64
10224,2025-10-23,2025-10-27,2025-10-30,2025-11-02,2025-10-31,delivered,East,Zeta,Harper Carter,2,428.64,235.25
10225,2025-09-18,2025-09-18,2025-09-22,2025-09-27,2025-09-29,delivered,North,Alpha,Emma Lee,1,161.38,110.57
10226,2025-08-03,2025-08-04,2025-08-08,2025-08-11,2025-08-10,delivered,North,Alpha,Noah Smith,11,2161.48,1515.38
10227,2025-01-24,2025-01-26,2025-01-28,2025-02-02,2025-02-01,delivered,West,Eta,Alexander Roberts,6,548.29,326.77
10228,2025-11-15,2025-11-19,2025-11-22,2025-11-25,2025-11-22,delivered,North,Beta,Mason Hall,4,353.6,185.99
10229,2025-10-05,2025-10-06,,,2025-10-14,cancelled,South,Gamma,James Lewis,4,553.06,422.06
10230,2025-03-14,2025-03-15,2025-03-18,2025-03-20,2025-03-21,delivered,East,Epsilon,Amelia Green,12,785.18,418.8
10231,2025-07-21,2025-07-22,2025-07-25,2025-07-29,2025-07-30,delivered,North,Alpha,Noah Smith,7,1277.6,740.39
10232,2025-05-20,2025-05-20,2025-05-22,2025-05-25,2025-05-28,delivered,North,Alpha,Emma Lee,7,523.44,362.53
10233,2025-08-20,2025-08-23,2025-08-26,2025-08-28,2025-08-27,delivered,South,Delta,Lucas King,4,765.75,438.62
10234,2025-05-08,2025-05-09,,,2025-05-14,cancelled,West,Theta,Michael Parker,1,231.69,159.63
10235,2025-10-09,2025-10-11,2025-10-14,2025-10-19,2025-10-14,delivered,North,Beta,Liam Taylor,3,264.68,183.05
10236,2025-11-27,2025-12-02,,,2025-12-04,cancelled,North,Beta,Liam Taylor,2,126.27,70.96
10237,2025-10-21,2025-10-24,,,2025-10-27,cancelled,South,Delta,Mia Wright,3,305.56,179.41
10238,2025-11-11,2025-11-12,2025-11-16,2025-11-20,2025-11-20,delivered,East,Epsilon,Charlotte Baker,3,391.93,274.08
10239,2025-05-08,2025-05-09,2025-05-12,2025-05-13,2025-05-16,delivered,East,Epsilon,Benjamin Adams,9,954.48,483.46
10240,2025-11-02,2025-11-04,2025-11-08,2025-11-11,2025-11-10,delivered,North,Beta,Liam Taylor,3,226.33,132.77
10241,2025-01-29,2025-01-31,2025-02-02,2025-02-07,2025-02-03,delivered,West,Eta,Abigail Turner,3,279.39,196.84
10242,2025-07-03,2025-07-06,2025-07-08,2025-07-11,2025-07-10,delivered,West,Eta,Abigail Turner,8,1113.26,589.46
10243,2025-01-29,2025-02-02,2025-02-04,2025-02-08,2025-02-06,delivered,North,Alpha,Emma Lee,12,1094.77,785.01
10244,2025-01-31,2025-02-03,2025-02-04,2025-02-06,2025-02-10,delivered,North,Alpha,Emma Lee,7,1055.42,612.83
10245,2025-03-22,2025-03-23,2025-03-25,2025-03-30,2025-03-29,delivered,East,Zeta,Elijah Mitchell,10,1797.54,1199.39
10246,2025-03-31,2025-04-04,2025-04-07,2025-04-08,2025-04-06,delivered,South,Delta,Lucas King,10,630.26,491.77
10247,2025-11-10,2025-11-12,2025-11-14,2025-11-18,2025-11-18,delivered,North,Alpha,Noah Smith,2,402.99,274.97
10248,2025-06-21,2025-06-24,2025-06-27,2025-06-30,2025-06-29,delivered,South,Delta,Lucas King,7,899.82,532.32
10249,2025-07-31,2025-08-03,2025-08-07,2025-08-11,2025-08-06,delivered,South,Delta,Mia Wright,11,1030.4,772.59
10250,2025-01-18,2025-01-21,2025-01-24,2025-01-26,2025-01-27,delivered,South,Delta,Mia Wright,9,2112.96,1340.65
10251,2025-11-11,2025-11-15,2025-11-20,2025-11-24,2025-11-20,delivered,West,Eta,Alexander Roberts,4,869.8,572.79
10252,2025-10-04,2025-10-07,2025-10-10,2025-10-14,2025-10-11,delivered,North,Beta,Ava Wilson,6,315.97,229.39
10253,2025-11-17,2025-11-20,,,2025-11-24,cancelled,East,Epsilon,Amelia Green,7,1021.86,578.63
10254,2025-11-25,2025-11-28,2025-11-30,2025-12-04,2025-12-03,delivered,East,Epsilon,Benjamin Adams,4,801.21,430.88
10255,2025-12-23,2025-12-27,2025-12-28,2025-12-31,2025-12-30,delivered,East,Epsilon,Charlotte Baker,7,1342.95,851.27
10256,2025-09-01,2025-09-02,2025-09-03,2025-09-07,2025-09-10,delivered,East,Epsilon,Benjamin Adams,9,1782.55,1167.69
10257,2025-03-03,2025-03-06,2025-03-09,2025-03-13,2025-03-11,delivered,West,Theta,Daniel Phillips,2,441.68,353.04
10258,2025-11-18,2025-11-21,2025-11-25,2025-11-28,2025-11-25,delivered,North,Beta,Ava Wilson,6,1211.92,908.08
10259,2025-01-07,2025-01-10,2025-01-14,2025-01-19,2025-01-15,delivered,West,Theta,Daniel Phillips,2,280.66,174.44
10260,2025-10-02,2025-10-02,2025-10-04,2025-10-08,2025-10-11,delivered,West,Theta,Emily Campbell,3,498.99,324.56
10261,2025-07-22,2025-07-25,2025-07-28,2025-07-29,2025-07-30,delivered,West,Theta,Michael Parker,5,579.45,443.02
10262,2025-12-17,2025-12-19,2025-12-22,2025-12-24,2025-12-25,delivered,North,Alpha,Emma Lee,10,1559.78,862.32
10263,2025-07-28,2025-07-31,2025-08-03,2025-08-07,2025-08-04,delivered,East,Zeta,Henry Nelson,9,1684.66,957.21
10264,2025-04-13,2025-04-15,2025-04-19,2025-04-22,2025-04-20,delivered,West,Eta,Evelyn Perez,9,1198.74,827.48
10265,2025-05-04,2025-05-08,2025-05-10,2025-05-13,2025-05-10,delivered,South,Delta,Lucas King,5,947.25,588.5
10266,2025-07-17,2025-07-20,2025-07-22,2025-07-25,2025-07-24,delivered,North,Alpha,Emma Lee,11,685.25,453.53
10267,2025-11-04,2025-11-07,2025-11-12,2025-11-15,2025-11-12,delivered,West,Eta,Alexander Roberts,7,1392.13,799.85
10268,2025-06-04,2025-06-05,2025-06-06,2025-06-09,2025-06-12,delivered,East,Zeta,Elijah Mitchell,11,1655.28,1143.97
10269,2025-09-04,2025-09-05,2025-09-07,2025-09-12,2025-09-13,delivered,North,Beta,Mason Hall,4,343.02,255.52
10270,2025-11-04,2025-11-07,2025-11-12,2025-11-15,2025-11-12,delivered,South,Delta,Ethan Scott,7,780.71,567.59
10271,2025-10-20,2025-10-24,2025-10-26,2025-10-28,2025-10-25,delivered,West,Theta,Michael Parker,6,907.67,689.97
10272,2025-10-13,2025-10-15,2025-10-17,2025-10-22,2025-10-21,delivered,North,Alpha,Noah Smith,11,2359.36,1310.77
10273,2025-04-25,2025-04-26,2025-04-28,2025-05-02,2025-05-02,delivered,East,Zeta,Harper Carter,8,536.67,356.93
10274,2025-11-14,2025-11-18,2025-11-21,2025-11-23,2025-11-20,delivered,North,Alpha,Olivia Brown,3,225.55,135.85
10275,2025-10-19,2025-10-22,2025-10-25,2025-10-27,2025-10-25,delivered,West,Theta,Daniel Phillips,3,301.26,199.74
10276,2025-04-18,2025-04-20,2025-04-21,2025-04-25,2025-04-27,delivered,West,Eta,Abigail Turner,11,1400.32,895.29
10277,2025-01-03,2025-01-05,2025-01-08,2025-01-12,2025-01-11,delivered,North,Alpha,Olivia Brown,11,654.98,364.54
10278,2025-06-26,2025-06-27,2025-06-29,2025-07-03,2025-07-07,delivered,South,Gamma,James Lewis,8,1461.4,883.36
10279,2025-12-18,2025-12-22,2025-12-27,2026-01-02,2025-12-28,delivered,West,Theta,Emily Campbell,4,411.16,247.85
10280,2025-01-12,2025-01-13,2025-01-15,2025-01-18,2025-01-20,delivered,East,Epsilon,Amelia Green,9,1481.21,758.36
10281,2025-02-25,2025-02-26,2025-02-27,2025-03-03,2025-03-03,delivered,East,Epsilon,Amelia Green,3,282.8,142.06
10282,2025-08-04,2025-08-05,2025-08-09,2025-08-14,2025-08-13,delivered,East,Zeta,Elijah Mitchell,2,219.37,141.37
10283,2025-11-08,2025-11-12,2025-11-15,2025-11-19,2025-11-17,delivered,North,Beta,Mason Hall,4,688.59,398.44
10284,2025-01-07,2025-01-10,2025-01-13,2025-01-17,2025-01-12,delivered,East,Epsilon,Charlotte Baker,2,430.0,264.1
10285,2025-06-01,2025-06-02,2025-06-06,2025-06-08,2025-06-07,delivered,North,Alpha,Emma Lee,7,1173.7,809.33
10286,2025-01-24,2025-01-27,2025-01-28,2025-02-02,2025-02-02,delivered,North,Alpha,Olivia Brown,12,915.65,499.69
10287,2025-07-25,2025-07-27,2025-07-30,2025-08-01,2025-07-30,delivered,South,Delta,Mia Wright,3,234.72,132.54
10288,2025-03-23,2025-03-26,2025-03-29,2025-04-02,2025-03-30,delivered,North,Beta,Mason Hall,11,2352.26,1747.59
10289,2025-09-05,2025-09-07,2025-09-11,2025-09-15,2025-09-15,delivered,West,Eta,Alexander Roberts,9,1699.46,1123.77
10290,2025-12-09,2025-12-12,2025-12-16,2025-12-21,2025-12-17,delivered,West,Eta,Alexander Roberts,9,1904.24,995.75
10291,2025-03-22,2025-03-23,2025-03-27,2025-03-31,2025-03-30,delivered,East,Zeta,Harper Carter,1,143.44,88.17
10292,2025-05-01,2025-05-05,2025-05-08,2025-05-11,2025-05-10,delivered,North,Beta,Mason Hall,11,641.49,339.32
10293,2025-10-09,2025-10-11,2025-10-12,2025-10-14,2025-10-15,delivered,North,Alpha,Olivia Brown,8,1692.83,869.38
10294,2025-04-25,2025-04-27,2025-04-29,2025-05-02,2025-05-01,delivered,West,Theta,Michael Parker,2,350.53,222.71
10295,2025-11-21,2025-11-25,2025-11-29,2025-12-02,2025-11-30,delivered,West,Theta,Michael Parker,12,2146.68,1317.14
10296,2025-04-11,2025-04-13,2025-04-16,2025-04-18,2025-04-20,delivered,North,Beta,Liam Taylor,11,2213.98,1578.65
10297,2025-08-19,2025-08-21,,,2025-08-27,cancelled,South,Gamma,James Lewis,10,1382.64,1037.38
10298,2025-04-01,2025-04-04,2025-04-07,2025-04-10,2025-04-08,delivered,East,Epsilon,Charlotte Baker,7,908.26,611.38
10299,2025-05-08,2025-05-11,2025-05-15,2025-05-18,2025-05-13,delivered,South,Delta,Mia Wright,5,1003.62,630.75
10300,2025-10-11,2025-10-12,2025-10-15,2025-10-17,2025-10-16,delivered,East,Epsilon,Amelia Green,11,2288.94,1454.9
10301,2025-11-23,2025-11-24,2025-11-26,2025-11-29,2025-11-29,delivered,South,Gamma,James Lewis,9,1003.28,724.44
10302,2025-09-25,2025-09-28,2025-10-01,2025-10-05,2025-09-30,delivered,North,Beta,Liam Taylor,11,1154.6,799.73
10303,2025-06-01,2025-06-04,2025-06-08,2025-06-11,2025-06-06,delivered,North,Alpha,Noah Smith,12,1948.85,1223.35
10304,2025-12-23,2025-12-28,2025-12-31,2026-01-03,2026-01-02,delivered,South,Gamma,James Lewis,1,172.12,126.89
10305,2025-08-15,2025-08-16,2025-08-18,2025-08-22,2025-08-22,delivered,West,Theta,Michael Parker,3,615.41,486.55
10306,2025-09-21,2025-09-23,2025-09-26,2025-09-30,2025-09-28,delivered,North,Alpha,Noah Smith,8,1320.91,711.21
10307,2025-06-15,2025-06-16,2025-06-18,2025-06-21,2025-06-21,delivered,East,Zeta,Harper Carter,3,456.26,255.43
10308,2025-10-06,2025-10-08,2025-10-11,2025-10-14,2025-10-14,delivered,East,Epsilon,Benjamin Adams,10,1595.45,1126.26
10309,2025-11-29,2025-11-30,2025-12-02,2025-12-06,2025-12-08,delivered,North,Beta,Ava Wilson,6,765.07,419.52
10310,2025-05-12,2025-05-14,2025-05-16,2025-05-20,2025-05-18,delivered,East,Zeta,Henry Nelson,1,109.5,65.71
10311,2025-02-12,2025-02-13,2025-02-15,2025-02-18,2025-02-19,delivered,West,Eta,Abigail Turner,11,1305.84,854.59
10312,2025-12-26,2025-12-31,2026-01-05,2026-01-10,2026-01-04,delivered,West,Theta,Michael Parker,1,65.3,48.88
10313,2025-10-13,2025-10-14,2025-10-17,2025-10-20,2025-10-22,delivered,North,Alpha,Noah Smith,2,301.36,197.27
10314,2025-10-27,2025-10-30,2025-11-02,2025-11-05,2025-11-04,delivered,North,Alpha,Noah Smith,8,1024.8,520.3
10315,2025-03-22,2025-03-24,2025-03-25,2025-03-29,2025-03-29,delivered,East,Epsilon,Charlotte Baker,11,2466.07,1767.64
10316,2025-11-28,2025-12-01,2025-12-05,2025-12-07,2025-12-06,delivered,South,Gamma,Isabella Young,9,1878.24,1328.05
10317,2025-06-26,2025-06-27,2025-06-29,2025-07-04,2025-07-05,delivered,North,Alpha,Emma Lee,10,2135.72,1565.68
10318,2025-10-09,2025-10-11,2025-10-14,2025-10-15,2025-10-15,delivered,South,Gamma,James Lewis,6,481.85,262.61
10319,2025-11-14,2025-11-16,2025-11-21,2025-11-24,2025-11-22,delivered,North,Alpha,Noah Smith,10,1140.02,692.08
10320,2025-01-03,2025-01-03,2025-01-06,2025-01-10,2025-01-12,delivered,South,Gamma,Isabella Young,8,1049.03,625.61
10321,2025-10-10,2025-10-12,2025-10-15,2025-10-18,2025-10-20,delivered,North,Alpha,Noah Smith,2,384.88,274.19
10322,2025-11-20,2025-11-23,2025-11-27,2025-12-02,2025-11-27,delivered,North,Beta,Mason Hall,11,2010.99,1157.98
10323,2025-10-29,2025-10-30,2025-11-02,2025-11-04,2025-11-05,delivered,East,Zeta,Henry Nelson,10,1802.88,1000.77
10324,2025-03-23,2025-03-25,2025-03-27,2025-03-31,2025-03-29,delivered,North,Alpha,Olivia Brown,5,543.91,300.07
10325,2025-07-04,2025-07-06,,,2025-07-11,cancelled,South,Delta,Lucas King,12,1220.85,724.53
10326,2025-12-01,2025-12-03,2025-12-07,2025-12-10,2025-12-07,delivered,South,Gamma,Isabella Young,6,829.53,556.66
10327,2025-09-14,2025-09-17,2025-09-19,2025-09-23,2025-09-22,delivered,West,Theta,Daniel Phillips,10,1651.18,1003.23
10328,2025-06-19,2025-06-21,2025-06-24,2025-06-28,2025-06-27,delivered,East,Zeta,Elijah Mitchell,1,79.34,43.93
10329,2025-09-20,2025-09-21,2025-09-24,2025-09-27,2025-09-25,delivered,North,Alpha,Emma Lee,11,681.41,453.43
10330,2025-05-26,2025-05-29,2025-05-30,2025-06-03,2025-06-03,delivered,West,Eta,Alexander Roberts,3,606.29,342.84
10331,2025-12-04,2025-12-07,2025-12-12,2025-12-15,2025-12-14,delivered,East,Epsilon,Charlotte Baker,3,211.84,151.44
10332,2025-09-16,2025-09-18,2025-09-19,2025-09-22,2025-09-26,delivered,East,Epsilon,Charlotte Baker,9,1527.98,1015.87
10333,2025-11-05,2025-11-08,2025-11-10,2025-11-13,2025-11-15,delivered,East,Epsilon,Charlotte Baker,4,857.49,593.53
10334,2025-06-29,2025-07-01,2025-07-03,2025-07-06,2025-07-07,delivered,East,Epsilon,Benjamin Adams,9,1064.28,720.82
10335,2025-01-04,2025-01-05,,,2025-01-11,cancelled,East,Epsilon,Charlotte Baker,7,770.81,510.97
10336,2025-05-10,2025-05-12,2025-05-16,2025-05-20,2025-05-16,delivered,North,Beta,Mason Hall,9,1211.88,798.3
10337,2025-05-10,2025-05-14,2025-05-19,2025-05-23,2025-05-18,delivered,West,Theta,Michael Parker,12,2410.13,1631.87
10338,2025-06-23,2025-06-24,2025-06-25,2025-06-29,2025-06-29,delivered,West,Eta,Evelyn Perez,10,1195.03,687.67
10339,2025-02-10,2025-02-10,2025-02-12,2025-02-13,2025-02-16,delivered,East,Zeta,Harper Carter,3,488.4,278.6
10340,2025-12-03,2025-12-05,,,2025-12-08,cancelled,West,Theta,Daniel Phillips,6,527.21,310.72
10341,2025-05-22,2025-05-25,2025-05-27,2025-05-30,2025-05-29,delivered,West,Theta,Michael Parker,2,311.17,214.64
10342,2025-10-26,2025-10-28,2025-11-01,2025-11-06,2025-11-02,delivered,South,Delta,Lucas King,7,1004.75,679.0
10343,2025-06-24,2025-06-26,2025-06-28,2025-07-01,2025-07-03,delivered,West,Theta,Michael Parker,4,801.02,532.45
10344,2025-08-24,2025-08-26,2025-08-30,2025-09-03,2025-09-03,delivered,West,Eta,Alexander Roberts,4,754.36,458.86
10345,2025-10-02,2025-10-04,2025-10-05,2025-10-10,2025-10-09,delivered,North,Beta,Liam Taylor,3,399.76,297.25
10346,2025-05-18,2025-05-21,2025-05-23,2025-05-27,2025-05-25,delivered,North,Alpha,Noah Smith,4,770.16,535.06
10347,2025-03-03,2025-03-06,,,2025-03-11,cancelled,West,Theta,Michael Parker,6,966.7,769.82
10348,2025-10-22,2025-10-25,2025-10-28,2025-11-01,2025-10-31,delivered,West,Theta,Daniel Phillips,1,143.22,112.42
10349,2025-01-17,2025-01-18,2025-01-21,2025-01-23,2025-01-24,delivered,East,Zeta,Elijah Mitchell,1,55.24,36.75
10350,2025-06-16,2025-06-18,2025-06-22,2025-06-24,2025-06-23,delivered,South,Delta,Lucas King,8,1009.23,744.86
10351,2025-07-06,2025-07-09,2025-07-13,2025-07-17,2025-07-14,delivered,West,Theta,Emily Campbell,5,971.7,742.45
10352,2025-04-11,2025-04-13,2025-04-16,2025-04-22,2025-04-18,delivered,North,Alpha,Noah Smith,9,1275.07,792.65
10353,2025-05-09,2025-05-11,2025-05-14,2025-05-17,2025-05-19,delivered,East,Epsilon,Benjamin Adams,2,256.79,151.57
10354,2025-10-14,2025-10-17,,,2025-10-23,cancelled,East,Zeta,Harper Carter,11,1717.48,1228.13
10355,2025-07-01,2025-07-03,2025-07-07,2025-07-11,2025-07-06,delivered,South,Delta,Ethan Scott,3,533.39,349.61
10356,2025-11-10,2025-11-13,2025-11-16,2025-11-20,2025-11-18,delivered,East,Epsilon,Amelia Green,11,1453.26,1010.37
10357,2025-07-05,2025-07-08,2025-07-11,2025-07-14,2025-07-13,delivered,East,Zeta,Harper Carter,12,1935.21,1087.06
10358,2025-02-22,2025-02-25,2025-02-28,2025-03-02,2025-03-02,delivered,North,Beta,Mason Hall,10,850.07,630.21
10359,2025-06-08,2025-06-10,2025-06-14,2025-06-19,2025-06-18,delivered,North,Beta,Ava Wilson,6,1207.85,891.06
10360,2025-05-20,2025-05-22,2025-05-23,2025-05-26,2025-05-27,delivered,East,Epsilon,Charlotte Baker,7,1040.57,600.84
10361,2025-06-27,2025-06-27,2025-06-29,2025-07-03,2025-07-04,delivered,South,Gamma,Sophia Clark,3,341.64,178.36
10362,2025-09-09,2025-09-11,,,2025-09-15,cancelled,West,Theta,Emily Campbell,1,140.48,108.25
10363,2025-08-12,2025-08-13,2025-08-16,2025-08-19,2025-08-21,delivered,South,Gamma,Isabella Young,4,606.96,408.67
10364,2025-12-22,2025-12-25,2025-12-27,2025-12-31,2025-12-30,delivered,East,Zeta,Elijah Mitchell,5,372.09,235.6
10365,2025-12-25,2025-12-29,,,2026-01-01,cancelled,East,Epsilon,Benjamin Adams,3,554.39,309.46
10366,2025-03-19,2025-03-21,2025-03-24,2025-03-26,2025-03-25,delivered,North,Alpha,Noah Smith,1,119.38,88.09
10367,2025-01-29,2025-02-01,2025-02-05,2025-02-11,2025-02-05,delivered,North,Beta,Liam Taylor,1,80.83,47.06
10368,2025-08-15,2025-08-18,2025-08-20,2025-08-22,2025-08-24,delivered,North,Alpha,Emma Lee,11,2603.08,1404.76
10369,2025-01-22,2025-01-23,2025-01-25,2025-01-29,2025-01-31,delivered,East,Epsilon,Benjamin Adams,2,190.22,95.83
10370,2025-05-22,2025-05-24,,,2025-05-30,cancelled,East,Zeta,Henry Nelson,12,1841.54,998.8
10371,2025-03-22,2025-03-24,2025-03-28,2025-03-31,2025-03-29,delivered,South,Delta,Ethan Scott,8,834.18,623.25
10372,2025-06-27,2025-06-29,2025-07-01,2025-07-06,2025-07-07,delivered,West,Theta,Michael Parker,8,1422.46,975.36
10373,2025-09-08,2025-09-10,2025-09-11,2025-09-16,2025-09-13,delivered,North,Alpha,Olivia Brown,9,755.77,462.79
10374,2025-05-15,2025-05-15,2025-05-18,2025-05-22,2025-05-21,delivered,East,Zeta,Henry Nelson,6,1071.21,750.12
10375,2025-12-04,2025-12-06,2025-12-10,2025-12-13,2025-12-12,delivered,West,Theta,Daniel Phillips,11,1127.96,806.18
10376,2025-01-23,2025-01-25,2025-01-29,2025-02-03,2025-02-01,delivered,West,Eta,Evelyn Perez,7,1179.14,819.89
10377,2025-05-12,2025-05-16,2025-05-19,2025-05-21,2025-05-17,delivered,North,Alpha,Olivia Brown,2,278.05,164.11
10378,2025-08-01,2025-08-03,2025-08-06,2025-08-09,2025-08-12,delivered,West,Eta,Abigail Turner,9,682.55,445.65
10379,2025-04-08,2025-04-10,2025-04-14,2025-04-17,2025-04-16,delivered,North,Alpha,Olivia Brown,11,1747.5,1180.68
10380,2025-08-07,2025-08-07,2025-08-10,2025-08-12,2025-08-14,delivered,West,Eta,Evelyn Perez,6,1265.69,973.58
10381,2025-07-10,2025-07-12,2025-07-16,2025-07-18,2025-07-19,delivered,South,Delta,Ethan Scott,12,1294.19,856.59
10382,2025-07-23,2025-07-23,2025-07-25,2025-07-28,2025-08-01,delivered,North,Alpha,Noah Smith,4,358.1,248.12
10383,2025-12-20,2025-12-22,,,2025-12-26,cancelled,West,Eta,Evelyn Perez,5,894.53,554.56
10384,2025-04-22,2025-04-25,2025-04-28,2025-04-30,2025-04-27,delivered,East,Zeta,Harper Carter,10,1508.47,1089.24
10385,2025-07-15,2025-07-16,2025-07-19,2025-07-22,2025-07-24,delivered,North,Alpha,Noah Smith,4,778.68,570.12
10386,2025-11-21,2025-11-23,2025-11-28,2025-12-02,2025-11-30,delivered,West,Theta,Daniel Phillips,4,339.73,271.56
10387,2025-08-17,2025-08-20,2025-08-23,2025-08-26,2025-08-24,delivered,West,Eta,Evelyn Perez,12,762.07,412.49
10388,2025-09-14,2025-09-17,2025-09-20,2025-09-24,2025-09-20,delivered,South,Gamma,Sophia Clark,12,1657.33,972.13
10389,2025-08-09,2025-08-10,2025-08-12,2025-08-16,2025-08-16,delivered,South,Gamma,Sophia Clark,1,175.11,106.37
10390,2025-08-15,2025-08-18,2025-08-21,2025-08-26,2025-08-24,delivered,East,Zeta,Henry Nelson,2,138.31,104.73
10391,2025-03-17,2025-03-21,2025-03-24,2025-03-27,2025-03-23,delivered,West,Theta,Daniel Phillips,12,1671.29,1137.84
10392,2025-05-13,2025-05-15,2025-05-19,2025-05-22,2025-05-20,delivered,East,Epsilon,Charlotte Baker,3,188.55,127.11
10393,2025-05-19,2025-05-20,2025-05-22,2025-05-28,2025-05-25,delivered,North,Alpha,Emma Lee,1,113.37,67.64
10394,2025-07-14,2025-07-14,2025-07-16,2025-07-19,2025-07-23,delivered,East,Epsilon,Benjamin Adams,9,1747.32,981.73
10395,2025-09-29,2025-10-04,2025-10-09,2025-10-12,2025-10-06,delivered,South,Delta,Mia Wright,9,852.01,523.49
10396,2025-07-18,2025-07-20,2025-07-23,2025-07-28,2025-07-25,delivered,West,Eta,Abigail Turner,12,1576.18,1060.95
10397,2025-11-17,2025-11-20,2025-11-23,2025-11-27,2025-11-24,delivered,East,Zeta,Henry Nelson,3,255.67,167.55
10398,2025-04-14,2025-04-16,2025-04-19,2025-04-23,2025-04-25,delivered,West,Theta,Michael Parker,3,508.12,299.54
10399,2025-02-04,2025-02-06,2025-02-10,2025-02-12,2025-02-12,delivered,East,Epsilon,Amelia Green,7,1476.7,1013.61
10400,2025-11-23,2025-11-24,2025-11-29,2025-12-03,2025-12-02,delivered,West,Theta,Daniel Phillips,5,810.53,566.63
10401,2025-04-29,2025-04-29,2025-04-30,2025-05-03,2025-05-05,delivered,East,Zeta,Henry Nelson,6,513.99,328.16
10402,2025-03-25,2025-03-26,2025-03-29,2025-04-02,2025-03-31,delivered,North,Alpha,Noah Smith,4,678.77,496.71
10403,2025-08-13,2025-08-16,2025-08-18,2025-08-22,2025-08-20,delivered,West,Theta,Michael Parker,12,2445.37,1585.91
10404,2025-10-20,2025-10-22,2025-10-23,2025-10-27,2025-10-28,delivered,East,Epsilon,Charlotte Baker,9,1157.91,740.4
10405,2025-09-22,2025-09-23,2025-09-25,2025-09-29,2025-09-30,delivered,West,Eta,Evelyn Perez,7,800.91,554.62
10406,2025-03-14,2025-03-15,2025-03-20,2025-03-24,2025-03-23,delivered,South,Delta,Lucas King,3,356.5,198.3
10407,2025-08-21,2025-08-22,2025-08-24,2025-08-28,2025-08-28,delivered,East,Epsilon,Benjamin Adams,12,860.92,527.18
10408,2025-07-05,2025-07-06,2025-07-07,2025-07-10,2025-07-12,delivered,North,Beta,Mason Hall,3,639.65,438.09
10409,2025-03-18,2025-03-20,2025-03-23,2025-03-27,2025-03-25,delivered,North,Alpha,Emma Lee,5,754.08,401.84
10410,2025-04-14,2025-04-14,2025-04-17,2025-04-20,2025-04-24,delivered,North,Beta,Liam Taylor,4,383.22,242.74
10411,2025-08-15,2025-08-17,2025-08-19,2025-08-24,2025-08-23,delivered,North,Alpha,Emma Lee,3,251.29,127.95
10412,2025-01-17,2025-01-18,2025-01-22,2025-01-26,2025-01-25,delivered,East,Zeta,Harper Carter,10,1743.83,1156.28
10413,2025-10-15,2025-10-18,2025-10-21,2025-10-24,2025-10-22,delivered,North,Beta,Mason Hall,7,1431.14,1045.92
10414,2025-02-03,2025-02-06,2025-02-08,2025-02-12,2025-02-08,delivered,South,Gamma,Sophia Clark,10,670.91,513.14
10415,2025-09-28,2025-09-30,2025-10-06,2025-10-08,2025-10-05,delivered,West,Theta,Michael Parker,6,610.12,430.63
10416,2025-03-08,2025-03-11,2025-03-12,2025-03-15,2025-03-16,delivered,East,Zeta,Elijah Mitchell,5,1007.41,529.89
10417,2025-11-17,2025-11-19,2025-11-22,2025-11-26,2025-11-24,delivered,West,Eta,Abigail Turner,1,170.52,99.52
10418,2025-02-04,2025-02-06,2025-02-09,2025-02-13,2025-02-09,delivered,South,Delta,Lucas King,3,284.12,221.78
10419,2025-09-03,2025-09-04,2025-09-07,2025-09-12,2025-09-12,delivered,West,Eta,Abigail Turner,8,1487.62,1049.73
10420,2025-09-24,2025-09-25,2025-09-29,2025-10-04,2025-10-02,delivered,South,Delta,Ethan Scott,6,379.08,288.17
10421,2025-06-23,2025-06-23,2025-06-26,2025-06-30,2025-07-01,delivered,West,Eta,Abigail Turner,6,1013.72,549.13
10422,2025-05-02,2025-05-04,2025-05-08,2025-05-12,2025-05-10,delivered,South,Delta,Lucas King,2,239.71,160.77
10423,2025-09-14,2025-09-16,2025-09-17,2025-09-20,2025-09-23,delivered,North,Beta,Ava Wilson,9,1432.75,1004.56
10424,2025-08-24,2025-08-27,2025-09-01,2025-09-05,2025-09-01,delivered,South,Gamma,Sophia Clark,1,77.45,54.71
10425,2025-01-12,2025-01-13,2025-01-15,2025-01-19,2025-01-19,delivered,East,Zeta,Elijah Mitchell,8,1301.76,728.17
10426,2025-02-28,2025-03-02,2025-03-03,2025-03-06,2025-03-10,delivered,North,Alpha,Emma Lee,10,900.1,588.05
10427,2025-06-23,2025-06-24,,,2025-07-01,cancelled,East,Epsilon,Amelia Green,1,69.52,47.01
10428,2025-10-31,2025-11-01,2025-11-04,2025-11-07,2025-11-05,delivered,East,Zeta,Elijah Mitchell,2,463.06,294.7
10429,2025-03-09,2025-03-10,2025-03-11,2025-03-14,2025-03-17,delivered,North,Beta,Liam Taylor,4,346.4,202.48
10430,2025-07-06,2025-07-10,2025-07-13,2025-07-16,2025-07-15,delivered,South,Delta,Mia Wright,3,303.57,210.58
10431,2025-09-18,2025-09-20,2025-09-23,2025-09-25,2025-09-26,delivered,North,Alpha,Noah Smith,4,651.26,484.19
10432,2025-07-16,2025-07-18,2025-07-19,2025-07-23,2025-07-22,delivered,North,Alpha,Olivia Brown,4,353.36,242.0
10433,2025-12-31,2026-01-01,2026-01-05,2026-01-08,2026-01-08,delivered,East,Zeta,Henry Nelson,7,442.43,320.11
10434,2025-07-14,2025-07-17,2025-07-21,2025-07-24,2025-07-19,delivered,South,Gamma,Sophia Clark,3,500.04,296.46
10435,2025-11-12,2025-11-14,2025-11-19,2025-11-23,2025-11-20,delivered,East,Epsilon,Amelia Green,7,1340.16,1001.87
10436,2025-10-26,2025-10-30,2025-11-03,2025-11-07,2025-11-02,delivered,North,Beta,Liam Taylor,9,1710.83,1257.99
10437,2025-01-16,2025-01-17,2025-01-20,2025-01-22,2025-01-23,delivered,North,Beta,Mason Hall,8,645.73,471.92
10438,2025-07-04,2025-07-06,2025-07-08,2025-07-12,2025-07-12,delivered,West,Eta,Alexander Roberts,12,2544.76,1943.54
10439,2025-03-11,2025-03-12,2025-03-13,2025-03-16,2025-03-17,delivered,North,Beta,Ava Wilson,7,1038.48,632.25
10440,2025-04-06,2025-04-08,2025-04-09,2025-04-12,2025-04-17,delivered,South,Gamma,Isabella Young,10,1289.38,853.62
10441,2025-12-27,2025-12-30,2026-01-02,2026-01-06,2026-01-03,delivered,South,Delta,Ethan Scott,5,622.26,480.68
10442,2025-02-15,2025-02-17,2025-02-18,2025-02-22,2025-02-23,delivered,North,Alpha,Olivia Brown,1,135.99,83.95
10443,2025-06-19,2025-06-21,2025-06-23,2025-06-26,2025-06-29,delivered,South,Delta,Mia Wright,5,332.15,196.72
10444,2025-01-27,2025-01-29,2025-02-01,2025-02-02,2025-02-03,delivered,East,Zeta,Elijah Mitchell,5,505.64,297.72
10445,2025-05-12,2025-05-13,2025-05-15,2025-05-17,2025-05-20,delivered,North,Alpha,Olivia Brown,5,897.46,489.3
10446,2025-09-28,2025-09-29,2025-10-01,2025-10-05,2025-10-04,delivered,West,Theta,Daniel Phillips,7,1243.17,820.55
10447,2025-11-23,2025-11-26,2025-11-29,2025-12-03,2025-12-03,delivered,North,Beta,Liam Taylor,5,741.5,556.58
10448,2025-04-30,2025-05-01,2025-05-04,2025-05-07,2025-05-10,delivered,South,Delta,Mia Wright,7,1300.41,937.23
10449,2025-01-22,2025-01-23,2025-01-25,2025-01-28,2025-02-01,delivered,North,Beta,Ava Wilson,5,818.35,583.72
10450,2025-05-04,2025-05-05,2025-05-07,2025-05-09,2025-05-11,delivered,East,Epsilon,Charlotte Baker,2,108.09,56.85
10451,2025-08-17,2025-08-20,2025-08-23,2025-08-28,2025-08-24,delivered,South,Delta,Mia Wright,4,890.74,647.58
10452,2025-03-03,2025-03-06,2025-03-07,2025-03-13,2025-03-10,delivered,North,Alpha,Noah Smith,12,1010.46,672.08
10453,2025-02-08,2025-02-09,2025-02-10,2025-02-13,2025-02-18,delivered,East,Zeta,Harper Carter,5,918.62,554.08
10454,2025-01-31,2025-01-31,2025-02-03,2025-02-06,2025-02-07,delivered,North,Beta,Liam Taylor,8,602.21,378.08
10455,2025-11-11,2025-11-14,2025-11-18,2025-11-21,2025-11-17,delivered,East,Zeta,Elijah Mitchell,1,194.46,132.25
10456,2025-01-20,2025-01-23,2025-01-25,2025-01-26,2025-01-27,delivered,East,Zeta,Henry Nelson,8,1078.37,756.95
10457,2025-02-05,2025-02-07,2025-02-08,2025-02-09,2025-02-11,delivered,East,Epsilon,Benjamin Adams,6,651.88,334.94
10458,2025-11-28,2025-12-01,2025-12-04,2025-12-08,2025-12-08,delivered,North,Beta,Liam Taylor,7,1132.98,699.64
10459,2025-02-24,2025-02-25,2025-02-26,2025-03-02,2025-03-04,delivered,East,Zeta,Harper Carter,12,2567.84,1584.85
10460,2025-10-04,2025-10-07,2025-10-08,2025-10-12,2025-10-12,delivered,East,Zeta,Elijah Mitchell,6,1041.24,572.21
10461,2025-12-01,2025-12-02,2025-12-05,2025-12-08,2025-12-10,delivered,East,Zeta,Elijah Mitchell,12,991.34,632.28
10462,2025-11-13,2025-11-16,2025-11-19,2025-11-23,2025-11-20,delivered,North,Alpha,Emma Lee,3,545.03,383.9
10463,2025-02-28,2025-02-28,2025-03-03,2025-03-08,2025-03-07,delivered,South,Gamma,Sophia Clark,6,476.56,312.85
10464,2025-06-14,2025-06-16,2025-06-19,2025-06-23,2025-06-23,delivered,West,Eta,Evelyn Perez,12,1338.64,777.63
10465,2025-10-25,2025-10-27,2025-10-29,2025-11-01,2025-11-02,delivered,North,Alpha,Olivia Brown,3,663.51,430.24
10466,2025-05-26,2025-05-29,2025-06-02,2025-06-04,2025-06-03,delivered,South,Delta,Ethan Scott,3,437.85,260.52
10467,2025-09-13,2025-09-14,2025-09-17,2025-09-20,2025-09-20,delivered,East,Epsilon,Charlotte Baker,9,2038.13,1458.65
10468,2025-10-04,2025-10-06,2025-10-09,2025-10-13,2025-10-09,delivered,East,Zeta,Elijah Mitchell,8,1053.24,790.63
10469,2025-01-28,2025-01-29,2025-02-02,2025-02-05,2025-02-04,delivered,East,Zeta,Henry Nelson,12,788.38,441.11
10470,2025-01-15,2025-01-17,2025-01-18,2025-01-21,2025-01-23,delivered,South,Gamma,Sophia Clark,11,2176.78,1191.86
10471,2025-04-27,2025-04-29,2025-05-03,2025-05-05,2025-05-05,delivered,North,Beta,Liam Taylor,3,284.46,160.58
10472,2025-07-11,2025-07-12,2025-07-15,2025-07-20,2025-07-19,delivered,North,Alpha,Olivia Brown,5,423.2,260.12
10473,2025-03-29,2025-03-31,2025-04-01,2025-04-04,2025-04-05,delivered,West,Eta,Alexander Roberts,9,1670.15,1226.3
10474,2025-09-08,2025-09-10,2025-09-13,2025-09-15,2025-09-17,delivered,West,Eta,Abigail Turner,4,453.5,336.93
10475,2025-10-30,2025-11-02,2025-11-05,2025-11-09,2025-11-06,delivered,West,Eta,Alexander Roberts,9,1171.17,812.98
10476,2025-02-20,2025-02-23,2025-02-26,2025-03-02,2025-02-27,delivered,South,Gamma,Sophia Clark,5,528.8,277.08
10477,2025-12-09,2025-12-13,2025-12-17,2025-12-20,2025-12-15,delivered,South,Delta,Ethan Scott,7,655.84,463.48
10478,2025-12-27,2025-12-29,2026-01-01,2026-01-03,2026-01-05,delivered,East,Epsilon,Benjamin Adams,10,1561.99,1088.59
10479,2025-02-11,2025-02-11,2025-02-13,2025-02-16,2025-02-19,delivered,East,Zeta,Elijah Mitchell,7,845.71,517.06
10480,2025-03-31,2025-04-02,2025-04-07,2025-04-10,2025-04-08,delivered,East,Epsilon,Charlotte Baker,8,1516.42,1088.46
10481,2025-12-26,2025-12-28,2026-01-02,2026-01-06,2026-01-04,delivered,North,Alpha,Noah Smith,6,797.55,564.18
10482,2025-08-29,2025-09-01,2025-09-02,2025-09-06,2025-09-03,delivered,East,Zeta,Harper Carter,2,189.02,102.42
10483,2025-07-20,2025-07-22,2025-07-27,2025-07-29,2025-07-28,delivered,West,Theta,Daniel Phillips,9,1783.48,1166.64
10484,2025-12-16,2025-12-17,2025-12-21,2025-12-24,2025-12-25,delivered,East,Epsilon,Benjamin Adams,4,793.22,463.22
10485,2025-10-24,2025-10-26,2025-10-27,2025-10-29,2025-11-01,delivered,South,Delta,Mia Wright,3,602.48,450.24
10486,2025-04-27,2025-04-29,2025-05-05,2025-05-08,2025-05-04,delivered,South,Delta,Lucas King,9,1024.15,778.18
10487,2025-12-21,2025-12-24,2025-12-28,2026-01-01,2025-12-30,delivered,West,Eta,Evelyn Perez,3,283.71,194.74
10488,2025-06-26,2025-06-27,2025-06-29,2025-07-05,2025-07-04,delivered,North,Beta,Mason Hall,3,701.56,392.18
10489,2025-10-07,2025-10-09,2025-10-12,2025-10-18,2025-10-13,delivered,West,Theta,Michael Parker,10,1785.56,1307.27
10490,2025-08-15,2025-08-18,2025-08-21,2025-08-24,2025-08-23,delivered,South,Gamma,Isabella Young,10,1965.99,1067.77
10491,2025-01-29,2025-01-31,2025-02-01,2025-02-04,2025-02-06,delivered,East,Epsilon,Charlotte Baker,8,1483.03,1103.31
10492,2025-07-21,2025-07-25,2025-07-27,2025-07-30,2025-07-29,delivered,North,Beta,Mason Hall,7,812.6,480.38
10493,2025-06-29,2025-07-01,2025-07-03,2025-07-08,2025-07-06,delivered,South,Delta,Ethan Scott,5,438.15,339.32
10494,2025-08-01,2025-08-01,2025-08-04,2025-08-08,2025-08-08,delivered,North,Alpha,Emma Lee,10,1701.97,1025.21
10495,2025-05-20,2025-05-23,2025-05-26,2025-05-30,2025-05-26,delivered,South,Delta,Ethan Scott,8,538.87,408.81
10496,2025-06-05,2025-06-08,,,2025-06-13,cancelled,South,Delta,Lucas King,2,358.21,234.37
10497,2025-09-09,2025-09-10,2025-09-12,2025-09-19,2025-09-19,delivered,West,Eta,Evelyn Perez,10,1360.06,794.92
10498,2025-12-18,2025-12-21,2025-12-23,2025-12-25,2025-12-27,delivered,South,Gamma,James Lewis,6,834.98,508.79
10499,2025-01-28,2025-01-31,2025-02-03,2025-02-07,2025-02-02,delivered,South,Delta,Ethan Scott,9,821.43,608.82
10500,2025-11-03,2025-11-06,2025-11-10,2025-11-13,2025-11-11,delivered,West,Theta,Emily Campbell,2,285.45,167.25
